timestamp,respondent_id,age_group,gender,education_qualification,current_status,career_decided,career_field_interest,career_choice_factors,career_confidence,career_info_frequency,current_skills,overall_skill_level,important_career_skills,perceived_skill_gap,skills_to_improve,skill_development_frequency,participated_training_or_internship,skill_challenges,guidance_usefulness_rating,support_required,suggestions_for_readiness,guidance_usefulness_rating_imputed,current_skills_count,important_skills_count,challenges_count,support_needed_count,has_skill_gap,is_high_confidence,is_active_learner
2026/09/18 6:49:37 PM GMT+5:30,RESP_001,19–21 years,Male,Undergraduate,College Student,Yes,Information Technology / Data Science / AI,Personal interest,5,Always,Communication Skills;Microsoft Office/Excel;Data Analysis / Data Scientist,4,Communication Skills;Problem-Solving,"Yes, there is a small gap",Communication,Always,No,Lack of time,4,Career counselling;Internships;Placement/job assistance,Conduct a skill development workshop and provide a internship in the related field,0,3,2,1,3,1,1,1
2026/09/18 7:19:43 PM GMT+5:30,RESP_002,19–21 years,Male,Undergraduate,Pursuing Professional/Vocational Course,Yes,Information Technology / Data Science / AI,Personal interest,4,Often,Communication Skills;English Language Skills;Computer/Digital Skills;Microsoft Office/Excel;Programming/Coding;Data Analysis / Data Scientist;Artificial Intelligence / Machine Learning;Problem-Solving;Teamwork;Time Management;Presentation/Public Speaking;Creativity,3,Communication Skills;Problem-Solving;Time Management;Adaptability;Practical/Hands-on Skills,"Yes, there is a significant gap",Technical/Digital Skills,Sometimes,Yes,Lack of proper guidance;Lack of practical opportunities;Lack of motivation;Limited access to internships,4,Skill-development workshops;Internships;Certification courses;Placement/job assistance,Hands on practice. Guidance for internship.,0,12,5,4,4,1,1,0
2026/09/18 7:21:13 PM GMT+5:30,RESP_003,19–21 years,Male,Undergraduate,Pursuing Professional/Vocational Course,Yes,Information Technology / Data Science / AI,Career growth opportunities,3,Often,Computer/Digital Skills;Microsoft Office/Excel;Programming/Coding;Data Analysis / Data Scientist;Artificial Intelligence / Machine Learning;Problem-Solving;Leadership;Teamwork;Time Management;Presentation/Public Speaking,2,Technical/Digital Skills;Communication Skills;English Language Skills;Problem-Solving;Leadership;Time Management;Adaptability;Industry-specific Knowledge;Practical/Hands-on Skills,"Yes, there is a significant gap",English,Sometimes,No,Lack of learning resources;Lack of practical opportunities;Difficulty understanding technical subjects;Limited access to internships,4,Access to online learning resources,No comment provided,0,10,9,4,1,1,0,0
2026/09/18 7:22:29 PM GMT+5:30,RESP_004,15–18 years,Male,Higher Secondary,College Student,Yes,Engineering / Technical Fields,Personal interest,2,Always,Communication Skills;English Language Skills;Computer/Digital Skills;Microsoft Office/Excel;Programming/Coding,3,Technical/Digital Skills;Communication Skills;English Language Skills;Critical Thinking;Time Management,"Yes, there is a small gap",Technical/Digital Skills,Always,No,Lack of proper guidance;Lack of time;Lack of motivation,3,Career counselling;Skill-development workshops;Internships;Industry interaction,No comment provided,0,5,5,3,4,1,0,1
2026/09/19 10:36:14 AM GMT+5:30,RESP_005,19–21 years,Male,Undergraduate,College Student,Yes,Information Technology / Data Science / AI,Career growth opportunities,4,Often,Communication Skills;English Language Skills;Computer/Digital Skills;Microsoft Office/Excel;Programming/Coding;Data Analysis / Data Scientist;Artificial Intelligence / Machine Learning;Problem-Solving;Time Management;Presentation/Public Speaking,3,Technical/Digital Skills;Communication Skills;Problem-Solving;Critical Thinking;Time Management;Adaptability;Industry-specific Knowledge;Practical/Hands-on Skills,"Yes, there is a significant gap",Programming,Sometimes,Yes,Lack of proper guidance;Lack of time;Lack of motivation;Limited access to internships,4,Internships;Industry interaction;Certification courses;Placement/job assistance;Access to online learning resources,Guidance for internship,0,10,8,4,5,1,1,0
2026/09/19 4:13:37 PM GMT+5:30,RESP_006,19–21 years,Male,Diploma,College Student,No,Information Technology / Data Science / AI,Personal interest,1,Always,Computer/Digital Skills,1,Teamwork,No significant gap,Not Specified,Not Reported,Not Reported,None reported,4,None reported,No comment provided,1,1,1,0,0,0,0,0
2026/09/23 7:30:17 AM GMT+5:30,RESP_007,19–21 years,Female,Undergraduate,College Student,Yes,Education / Teaching,Personal interest,1,Often,Communication Skills;English Language Skills;Programming/Coding;Data Analysis / Data Scientist,3,Communication Skills,"Yes, there is a significant gap",English,Often,Yes,Lack of practical opportunities,2,Skill-development workshops,coordinated ecosystem,0,4,1,1,1,1,0,1
2026/09/28 1:35:28 PM GMT+5:30,RESP_008,15–18 years,Male,Secondary School,School Student,Yes,Banking / Finance,Job security,1,Always,Communication Skills,1,Technical/Digital Skills,"Yes, there is a small gap",Communication,Always,No,Lack of awareness about suitable courses,1,Career counselling,Good,0,1,1,1,1,1,0,1
2026/09/28 1:38:44 PM GMT+5:30,RESP_009,19–21 years,Male,Undergraduate,College Student,No,Business / Entrepreneurship,Passion,4,Sometimes,Data Analysis / Data Scientist,4,Industry-specific Knowledge,No significant gap,English,Rarely,Yes,Lack of awareness about suitable courses,4,Placement/job assistance,No comment provided,0,1,1,1,1,0,1,0
2026/09/28 1:42:17 PM GMT+5:30,RESP_010,19–21 years,Female,Undergraduate,College Student,Yes,Information Technology / Data Science / AI,Career growth opportunities,4,Sometimes,Communication Skills;English Language Skills;Computer/Digital Skills;Microsoft Office/Excel;Data Analysis / Data Scientist;Artificial Intelligence / Machine Learning,4,Technical/Digital Skills;Communication Skills;English Language Skills;Problem-Solving;Critical Thinking,"Yes, there is a significant gap",Communication,Sometimes,Yes,Lack of proper guidance;Lack of financial resources,4,Career counselling;Skill-development workshops;Internships;Mentorship,No comment provided,0,6,5,2,4,1,1,0
2026/09/28 1:42:32 PM GMT+5:30,RESP_011,19–21 years,Male,Undergraduate,College Student,Yes,Information Technology / Data Science / AI,Personal interest,1,Always,Communication Skills,2,Communication Skills,"Yes, there is a significant gap",Programming,Always,Yes,Lack of proper guidance;Lack of time,1,Career counselling;Internships;Industry interaction,No comment provided,0,1,1,2,3,1,0,1
2026/09/28 1:42:53 PM GMT+5:30,RESP_012,19–21 years,Male,Undergraduate,College Student,Yes,Information Technology / Data Science / AI,Salary / Financial stability,1,Always,English Language Skills;Creativity,1,English Language Skills;Critical Thinking,"Yes, there is a significant gap",Technical/Digital Skills,Rarely,Yes,Lack of proper guidance;Lack of financial resources;Lack of time,3,Skill-development workshops;Internships,Give financial support,0,2,2,3,2,1,0,0
2026/09/28 1:46:25 PM GMT+5:30,RESP_013,19–21 years,Female,Undergraduate,College Student,Yes,Government Services / Civil Services,Personal interest,2,Sometimes,Communication Skills,4,English Language Skills,No significant gap,English,Sometimes,Yes,Lack of proper guidance,2,Career counselling,Python,0,1,1,1,1,0,0,0
2026/09/28 1:48:15 PM GMT+5:30,RESP_014,22–24 years,Male,Undergraduate,College Student,Yes,Information Technology / Data Science / AI,Personal interest,1,Always,Communication Skills,1,Technical/Digital Skills,"Yes, there is a significant gap",Communication,Always,Yes,Lack of proper guidance,1,Certification courses,No comment provided,0,1,1,1,1,1,0,1
2026/09/28 1:50:08 PM GMT+5:30,RESP_015,19–21 years,Male,Undergraduate,College Student,I am still exploring different options,Information Technology / Data Science / AI,Career growth opportunities,4,Sometimes,Communication Skills;Data Analysis / Data Scientist,3,Critical Thinking;Leadership;Teamwork;Time Management,"Yes, there is a small gap",Programming,Sometimes,No,Lack of time;Lack of learning resources,4,Skill-development workshops,More Practical working,0,2,4,2,1,1,1,0
2026/09/28 3:08:13 PM GMT+5:30,RESP_016,22–24 years,Male,Undergraduate,Employed,Yes,Information Technology / Data Science / AI,Career growth opportunities,4,Sometimes,Communication Skills;English Language Skills;Microsoft Office/Excel;Data Analysis / Data Scientist;Problem-Solving;Teamwork;Time Management;Creativity;Cyber security,4,Technical/Digital Skills;Communication Skills;English Language Skills;Problem-Solving;Critical Thinking;Leadership;Teamwork;Time Management;Adaptability;Creativity;Industry-specific Knowledge;Practical/Hands-on Skills,No significant gap,Technical/Digital Skills,Often,Not Reported,Lack of financial resources;Lack of motivation;Lack of awareness about suitable courses;Limited access to internships,4,Industry interaction;Competitive exam guidance,All the best,0,9,12,4,2,0,1,1
2026/09/28 3:37:23 PM GMT+5:30,RESP_017,15–18 years,Female,Secondary School,College Student,I am still exploring different options,Government Services / Civil Services,Career growth opportunities,2,Often,Computer/Digital Skills;None of the above,3,Technical/Digital Skills;Communication Skills;English Language Skills;Critical Thinking;Adaptability,I am not sure,Technical/Digital Skills,Sometimes,No,Lack of proper guidance;Lack of financial resources;Lack of practical opportunities;Difficulty understanding technical subjects,4,Skill-development workshops;Internships;Certification courses;Placement/job assistance;Financial support/scholarships,No comment provided,1,2,5,4,5,0,0,0
2026/09/28 3:41:08 PM GMT+5:30,RESP_018,19–21 years,Male,Higher Secondary,School Student,No,Information Technology / Data Science / AI,Personal interest,3,Sometimes,Communication Skills;Teamwork;Time Management;Creativity,3,Technical/Digital Skills;Communication Skills;Leadership;Creativity,"Yes, there is a small gap",Technical/Digital Skills,Often,Yes,Lack of awareness about suitable courses;Difficulty understanding technical subjects,4,Skill-development workshops;Internships,By teaching students more practical knowledge and real-world knowledge than useless theory,0,4,4,2,2,1,0,1
2026/09/29 4:29:18 PM GMT+5:30,RESP_019,15–18 years,Male,Higher Secondary,College Student,Yes,Business / Entrepreneurship,Personal interest,5,Always,Communication Skills;Problem-Solving,5,Communication Skills;Leadership;Teamwork,"Yes, there is a significant gap",Time Management,Often,No,Lack of proper guidance,4,Skill-development workshops,No comment provided,0,2,3,1,1,1,1,1
2026/09/29 4:58:46 PM GMT+5:30,RESP_020,25–29 years,Male,Diploma,Self-employed/Entrepreneur,Yes,Construction,Personal interest,5,Always,Communication Skills;Leadership;Teamwork,5,Technical/Digital Skills;Communication Skills;Leadership;Teamwork;Time Management,No significant gap,Communication,Always,No,Lack of proper guidance,2,Career counselling,Practical knowledge,0,3,5,1,1,0,1,1
2026/09/29 5:03:48 PM GMT+5:30,RESP_021,19–21 years,Male,Diploma,Other,Yes,Business / Entrepreneurship,Job availability,5,Always,Time Management,5,Time Management,I am not sure,Time Management,Never,Yes,Family/social pressure,3,Career counselling,No comment provided,0,1,1,1,1,0,1,0
2026/09/29 5:08:24 PM GMT+5:30,RESP_022,19–21 years,Male,Other,Other,Yes,Business / Entrepreneurship,Family expectations,5,Always,None reported,5,Problem-Solving,I am not sure,Not Specified,Never,No,None reported,5,None reported,No comment provided,0,0,1,0,0,0,1,0
2026/09/29 5:09:18 PM GMT+5:30,RESP_023,19–21 years,Male,Undergraduate,Self-employed/Entrepreneur,I am still exploring different options,Business / Entrepreneurship,Job availability,5,Always,Communication Skills;English Language Skills;Problem-Solving;Leadership;Teamwork;Time Management,5,Leadership;Teamwork,I am not sure,Not Specified,Never,Yes,Lack of awareness about suitable courses,4,Placement/job assistance,No comment provided,0,6,2,1,1,0,1,0
2026/09/29 5:13:33 PM GMT+5:30,RESP_024,19–21 years,Female,Higher Secondary,College Student,I am still exploring different options,Information Technology / Data Science / AI,Career growth opportunities,3,Often,Communication Skills;English Language Skills;Microsoft Office/Excel;Programming/Coding,2,Technical/Digital Skills;Communication Skills;Problem-Solving;Industry-specific Knowledge,"Yes, there is a significant gap",Technical/Digital Skills,Often,No,Lack of proper guidance;Lack of financial resources;Lack of awareness about suitable courses,5,Skill-development workshops,It should teach us to work on real-world projects.,0,4,4,3,1,1,0,1
2026/09/29 5:24:27 PM GMT+5:30,RESP_025,19–21 years,Male,Higher Secondary,College Student,Yes,Information Technology / Data Science / AI,Personal interest,4,Sometimes,Communication Skills;English Language Skills;Computer/Digital Skills;Microsoft Office/Excel;Programming/Coding;Data Analysis / Data Scientist;Problem-Solving;Leadership;Teamwork;Presentation/Public Speaking;Creativity,4,Technical/Digital Skills;Communication Skills;English Language Skills;Problem-Solving;Critical Thinking;Teamwork;Time Management;Adaptability;Creativity;Industry-specific Knowledge;Practical/Hands-on Skills,"Yes, there is a small gap",Time Management,Sometimes,No,Lack of proper guidance;Lack of financial resources,5,Skill-development workshops;Internships;Industry interaction;Mentorship,No comment provided,0,11,11,2,4,1,1,0
2026/09/29 5:26:41 PM GMT+5:30,RESP_026,19–21 years,Male,Diploma,Other,Yes,Safety Officer,Job security,5,Rarely,Problem-Solving,5,Problem-Solving,No significant gap,Interview Skills,Always,Yes,Lack of awareness about suitable courses,4,Placement/job assistance,Ye na samajhna dher hai  [Name Redacted] ke sher hai,0,1,1,1,1,0,1,1
2026/09/29 5:29:27 PM GMT+5:30,RESP_027,19–21 years,Male,Undergraduate,College Student,Yes,Information Technology / Data Science / AI,Personal interest,5,Always,Communication Skills;Programming/Coding;Data Analysis / Data Scientist;Artificial Intelligence / Machine Learning;Leadership;Presentation/Public Speaking;Creativity,4,Technical/Digital Skills;Communication Skills;English Language Skills;Problem-Solving;Critical Thinking;Leadership;Teamwork;Time Management;Creativity;Industry-specific Knowledge;Practical/Hands-on Skills,I am not sure,Communication,Sometimes,No,Lack of proper guidance;Lack of time;Limited access to internships,5,Career counselling;Skill-development workshops;Internships;Mentorship;Placement/job assistance;Financial support/scholarships;Access to online learning resources,clg should organise skill-building events to help students become career-ready !,0,7,11,3,7,0,1,0
2026/09/29 5:43:03 PM GMT+5:30,RESP_028,15–18 years,Female,Secondary School,School Student,Yes,Information Technology / Data Science / AI,Career growth opportunities,4,Often,English Language Skills;Problem-Solving;Creativity,3,Technical/Digital Skills;English Language Skills,No significant gap,Data Analysis,Always,Yes,Lack of learning resources,5,Financial support/scholarships,No comment provided,0,3,2,1,1,0,1,1
2026/09/29 5:48:11 PM GMT+5:30,RESP_029,30 years or above,Male,Postgraduate,Employed,Yes,Research / Science,Passion,1,Always,Computer/Digital Skills,2,Critical Thinking;Leadership,"Yes, there is a small gap",English,Always,Yes,Lack of awareness about suitable courses,2,Internships;Mentorship;Competitive exam guidance,No comment provided,0,1,2,1,3,1,0,1
2026/09/29 5:48:52 PM GMT+5:30,RESP_030,19–21 years,Male,Higher Secondary,College Student,Yes,Information Technology / Data Science / AI,Career growth opportunities,3,Often,English Language Skills;Computer/Digital Skills;Microsoft Office/Excel;Programming/Coding;Data Analysis / Data Scientist;Teamwork;Time Management;Creativity,2,Technical/Digital Skills;Problem-Solving;Critical Thinking;Leadership;Adaptability;Creativity;Practical/Hands-on Skills,"Yes, there is a significant gap",AI/Technology Skills,Sometimes,No,Lack of proper guidance;Lack of financial resources;Difficulty understanding technical subjects,5,Internships;Industry interaction;Mentorship;Financial support/scholarships,No comment provided,0,8,7,3,4,1,0,0
2026/09/29 5:50:54 PM GMT+5:30,RESP_031,15–18 years,Male,Secondary School,School Student,Yes,Government Services / Civil Services,Personal interest,5,Sometimes,Communication Skills;English Language Skills;Leadership,4,Creativity,No significant gap,English,Often,Yes,Lack of motivation,4,Mentorship,No comment provided,0,3,1,1,1,0,1,1
2026/09/29 5:54:58 PM GMT+5:30,RESP_032,15–18 years,Female,Secondary School,School Student,Yes,Healthcare / Medical,Personal interest,5,Always,Creativity,5,Practical/Hands-on Skills,No significant gap,Communication,Often,No,Lack of proper guidance,4,Certification courses,No comment provided,0,1,1,1,1,0,1,1
2026/09/29 6:44:09 PM GMT+5:30,RESP_033,30 years or above,Male,Higher Secondary,Employed,No,Not Specified,Job security,3,Rarely,Communication Skills,4,Communication Skills;Time Management;Adaptability,"Yes, there is a significant gap",Communication,Rarely,No,Lack of awareness about suitable courses,4,Industry interaction,No comment provided,0,1,3,1,1,1,0,0
2026/09/29 7:12:10 PM GMT+5:30,RESP_034,19–21 years,Male,Undergraduate,College Student,Yes,Information Technology / Data Science / AI,Job availability,4,Always,Communication Skills;English Language Skills;Computer/Digital Skills;Microsoft Office/Excel;Programming/Coding;Data Analysis / Data Scientist;Artificial Intelligence / Machine Learning;Problem-Solving;Teamwork;Time Management;Creativity,5,Technical/Digital Skills;Communication Skills;English Language Skills;Critical Thinking;Teamwork;Adaptability;Creativity,"Yes, there is a significant gap",Communication,Always,Yes,Lack of proper guidance;Lack of time;Difficulty understanding technical subjects,4,Skill-development workshops;Internships;Industry interaction;Certification courses;Financial support/scholarships,No comment provided,0,11,7,3,5,1,1,1
2026/09/29 7:38:04 PM GMT+5:30,RESP_035,19–21 years,Male,Higher Secondary,College Student,Yes,Information Technology / Data Science / AI,Salary / Financial stability,4,Sometimes,None of the above,4,Technical/Digital Skills;Communication Skills;English Language Skills;Teamwork;Adaptability,"Yes, there is a small gap",Communication,Never,No,Lack of proper guidance;Lack of time;Lack of learning resources,4,Skill-development workshops;Internships;Industry interaction;Mentorship;Certification courses;Competitive exam guidance,No comment provided,0,0,5,3,6,1,1,0
2026/09/29 7:51:39 PM GMT+5:30,RESP_036,25–29 years,Female,Postgraduate,Unemployed,I am still exploring different options,Information Technology / Data Science / AI,Personal interest,5,Often,Communication Skills,3,Communication Skills,"Yes, there is a significant gap",Communication,Sometimes,No,Lack of time,3,Access to online learning resources,No comment provided,0,1,1,1,1,1,1,0
2026/09/29 8:02:46 PM GMT+5:30,RESP_037,19–21 years,Male,Undergraduate,Pursuing Professional/Vocational Course,Yes,Information Technology / Data Science / AI,Salary / Financial stability,3,Sometimes,Communication Skills;English Language Skills;Microsoft Office/Excel;Artificial Intelligence / Machine Learning,3,Technical/Digital Skills;Communication Skills;Problem-Solving;Critical Thinking;Leadership;Creativity,"Yes, there is a small gap",English,Often,Yes,Lack of financial resources,2,Internships,Improve the education system,0,4,6,1,1,1,0,1
2026/09/29 9:37:53 PM GMT+5:30,RESP_038,15–18 years,Male,Higher Secondary,College Student,Yes,Not Specified,Job security,1,Always,None reported,5,Technical/Digital Skills,I am not sure,English,Always,Yes,None reported,1,None reported,No comment provided,0,0,1,0,0,0,0,1
